99381f,::1,GET,http://localhost:8000/blog/bolt/clearcache,1440919616,
475a6f,127.0.0.1,GET,http://localhost:8000/blog/async/latestactivity,1440919619,270068
270068,::1,GET,http://localhost:8000/blog/bolt/users,1440919619,
1bc146,::1,GET,http://localhost:8000/blog/bolt/changelog,1440919632,
b0e664,127.0.0.1,GET,http://localhost:8000/blog/async/dashboardnews,1440919637,ae4e85
e0dbcc,127.0.0.1,GET,http://localhost:8000/blog/async/latestactivity,1440919637,ae4e85
ae4e85,::1,GET,http://localhost:8000/blog/bolt,1440919637,
faba87,::1,GET,http://localhost:8000/blog/,1440919639,
892e46,::1,GET,http://localhost:8000/blog/,1440919649,
f5a82b,::1,GET,http://localhost:8000/blog/post/falli-igitur-possumus,1440919655,
b8c818,::1,GET,http://localhost:8000/blog/async/latestactivity,1440919667,
453bf9,::1,GET,http://localhost:8000/blog/async/latestactivity,1440919698,
ca6fd1,::1,GET,http://localhost:8000/blog/async/latestactivity,1440919729,
f74ae0,::1,GET,http://localhost:8000/blog/async/latestactivity,1440919760,
5df649,::1,GET,http://localhost:8000/blog/post/falli-igitur-possumus,1440919778,
4935a2,::1,GET,http://localhost:8000/blog/post/falli-igitur-possumus,1440919780,
01c344,::1,GET,http://localhost:8000/blog/async/latestactivity,1440919791,
c90a99,::1,GET,http://localhost:8000/blog/post/falli-igitur-possumus,1440919797,
8af9e8,::1,GET,http://localhost:8000/blog/,1440919801,
269951,::1,GET,http://localhost:8000/blog/async/latestactivity,1440919822,
d33c6d,::1,GET,http://localhost:8000/blog/async/latestactivity,1440919853,
d076a4,::1,GET,http://localhost:8000/blog/async/latestactivity,1440919884,
09233c,::1,GET,http://localhost:8000/blog/async/latestactivity,1440919915,
0586d8,::1,GET,http://localhost:8000/blog/async/latestactivity,1440919946,
39cdd4,::1,GET,http://localhost:8000/blog/async/latestactivity,1440919977,
84ee86,::1,GET,http://localhost:8000/blog/,1440919980,
6f99cf,::1,GET,http://localhost:8000/blog/,1440920005,
9e9f22,::1,GET,http://localhost:8000/blog/async/latestactivity,1440920008,
eae73b,::1,GET,http://localhost:8000/blog/async/latestactivity,1440920039,
bf7b5e,::1,GET,http://localhost:8000/blog/post/falli-igitur-possumus,1440920040,
3fe8d0,::1,GET,http://localhost:8000/blog/async/latestactivity,1440920070,
26c870,::1,GET,http://localhost:8000/blog/async/latestactivity,1440920101,
0e8803,::1,GET,http://localhost:8000/blog/post/falli-igitur-possumus,1440920118,
05a04e,::1,GET,http://localhost:8000/blog/async/latestactivity,1440920132,
7aa5b3,::1,GET,http://localhost:8000/blog/post/falli-igitur-possumus,1440920133,
3f7be1,::1,GET,http://localhost:8000/blog/post/falli-igitur-possumus,1440920146,
0aa4ab,::1,GET,http://localhost:8000/blog/async/latestactivity,1440920163,
486717,::1,GET,http://localhost:8000/blog/async/latestactivity,1440920194,
514a68,::1,GET,http://localhost:8000/blog/post/falli-igitur-possumus,1440920209,
06f655,::1,GET,http://localhost:8000/blog/async/latestactivity,1440920225,
2c46c6,::1,GET,http://localhost:8000/blog/post/falli-igitur-possumus,1440920236,
7b6240,::1,GET,http://localhost:8000/blog/post/falli-igitur-possumus,1440920248,
46ff32,::1,GET,http://localhost:8000/blog/async/latestactivity,1440920256,
3611bd,::1,GET,http://localhost:8000/blog/post/at-coluit-ipse-amicitias,1440920263,
501bbe,::1,GET,http://localhost:8000/blog/,1440920267,
646fe3,::1,GET,http://localhost:8000/blog/async/latestactivity,1440920287,
8337fd,::1,GET,http://localhost:8000/blog/,1440920312,
36ff16,::1,GET,http://localhost:8000/blog/async/latestactivity,1440920318,
4edb70,::1,GET,http://localhost:8000/blog/post/falli-igitur-possumus,1440920319,
76af38,::1,GET,http://localhost:8000/blog/,1440920323,
fb383e,::1,GET,http://localhost:8000/blog/,1440920344,
aee4b6,::1,GET,http://localhost:8000/blog/async/latestactivity,1440920349,
cd2c83,::1,GET,http://localhost:8000/blog/async/latestactivity,1440920380,
d885ad,::1,GET,http://localhost:8000/blog/async/latestactivity,1440920411,
bb8070,::1,GET,http://localhost:8000/blog/,1440920420,
05e601,::1,GET,http://localhost:8000/blog/async/latestactivity,1440920442,
79f485,::1,GET,http://localhost:8000/blog/,1440920473,
ea19a8,::1,GET,http://localhost:8000/blog/async/latestactivity,1440920473,
e9a131,::1,GET,http://localhost:8000/blog/async/latestactivity,1440920504,
c665d0,::1,GET,http://localhost:8000/blog/async/latestactivity,1440920535,
e75e24,::1,GET,http://localhost:8000/blog/async/latestactivity,1440920566,
110ac7,::1,GET,http://localhost:8000/blog/async/latestactivity,1440920598,
c5467b,::1,GET,http://localhost:8000/blog/async/latestactivity,1440920630,
395138,::1,GET,http://localhost:8000/blog/async/latestactivity,1440920660,
19c06b,::1,GET,http://localhost:8000/blog/async/latestactivity,1440920693,
6a8424,::1,GET,http://localhost:8000/blog/async/latestactivity,1440920723,
f5c0c2,::1,GET,http://localhost:8000/blog/async/latestactivity,1440920756,
9a39e4,::1,GET,http://localhost:8000/blog/async/latestactivity,1440920788,
c767d3,::1,GET,http://localhost:8000/blog/async/latestactivity,1440920818,
efb742,::1,GET,http://localhost:8000/blog/async/latestactivity,1440920856,
a57820,::1,GET,http://localhost:8000/blog/async/latestactivity,1440920889,
a307cf,::1,GET,http://localhost:8000/blog/async/latestactivity,1440920921,
b98f9c,::1,GET,http://localhost:8000/blog/async/latestactivity,1440920951,
2aae98,::1,GET,http://localhost:8000/blog/async/latestactivity,1440920989,
35ae00,::1,GET,http://localhost:8000/blog/async/latestactivity,1440921019,
e82886,::1,GET,http://localhost:8000/blog/async/latestactivity,1440921050,
5d4321,::1,GET,http://localhost:8000/blog/async/latestactivity,1440921081,
9b0c7e,::1,GET,http://localhost:8000/blog/async/latestactivity,1440921113,
2606fc,::1,GET,http://localhost:8000/blog/async/latestactivity,1440921143,
1f0849,::1,GET,http://localhost:8000/blog/async/latestactivity,1440921178,
27b638,::1,GET,http://localhost:8000/blog/async/latestactivity,1440921211,
be3419,::1,GET,http://localhost:8000/blog/async/latestactivity,1440921242,
8100a3,::1,GET,http://localhost:8000/blog/async/latestactivity,1440921274,
65e1fe,::1,GET,http://localhost:8000/blog/async/latestactivity,1440921307,
406159,::1,GET,http://localhost:8000/blog/async/latestactivity,1440921337,
7cba5b,::1,GET,http://localhost:8000/blog/async/latestactivity,1440921368,
5bf9f3,::1,GET,http://localhost:8000/blog/async/latestactivity,1440921399,
14aa7d,::1,GET,http://localhost:8000/blog/async/latestactivity,1440921430,
37fe2f,::1,GET,http://localhost:8000/blog/async/latestactivity,1440921470,
1d63fe,::1,GET,http://localhost:8000/blog/async/latestactivity,1440921500,
2c3d08,::1,GET,http://localhost:8000/blog/async/latestactivity,1440921531,
7c5ff1,::1,GET,http://localhost:8000/blog/async/latestactivity,1440921562,
fc0953,::1,GET,http://localhost:8000/blog/async/latestactivity,1440921593,
343e02,::1,GET,http://localhost:8000/blog/,1440921606,
e2b19d,127.0.0.1,GET,http://localhost:8000/blog/async/dashboardnews,1440921614,2d2394
1bb3e0,127.0.0.1,GET,http://localhost:8000/blog/async/latestactivity,1440921614,2d2394
2d2394,::1,GET,http://localhost:8000/blog/bolt,1440921614,
608071,::1,GET,http://localhost:8000/blog/,1440921627,
4c7aff,::1,GET,http://localhost:8000/blog/async/latestactivity,1440921645,
33d0d7,::1,GET,http://localhost:8000/blog/async/latestactivity,1440921676,
faa070,::1,GET,http://localhost:8000/blog/,1440921680,
c5ccf7,::1,GET,http://localhost:8000/blog/,1440921684,
16b5aa,::1,GET,http://localhost:8000/blog/,1440921684,
e95161,::1,GET,http://localhost:8000/blog/,1440921684,
2230d6,::1,GET,http://localhost:8000/blog/async/latestactivity,1440921707,
d04fbd,::1,GET,http://localhost:8000/blog/async/latestactivity,1440921740,
56f1c2,::1,GET,http://localhost:8000/blog/async/latestactivity,1440921771,
97afcf,::1,GET,http://localhost:8000/blog/,1440921782,
8994b5,::1,GET,http://localhost:8000/blog/,1440921782,
e1dc09,::1,GET,http://localhost:8000/blog/,1440921782,
eca54d,::1,GET,http://localhost:8000/blog/,1440921783,
eeb575,::1,GET,http://localhost:8000/blog/,1440921790,
139eee,::1,GET,http://localhost:8000/blog/async/latestactivity,1440921802,
627f0a,::1,GET,http://localhost:8000/blog/,1440921823,
91ec6e,::1,GET,http://localhost:8000/blog/,1440921826,
c4443b,::1,GET,http://localhost:8000/blog/async/latestactivity,1440921833,
98bf2f,::1,GET,http://localhost:8000/blog/async/latestactivity,1440921866,
07336e,::1,GET,http://localhost:8000/blog/,1440921877,
d9d482,::1,GET,http://localhost:8000/blog/async/latestactivity,1440921903,
74292f,::1,GET,http://localhost:8000/blog/,1440921911,
03d3c4,::1,GET,http://localhost:8000/blog/async/latestactivity,1440921940,
428334,::1,GET,http://localhost:8000/blog/,1440921941,
cb77ca,::1,GET,http://localhost:8000/blog/,1440921966,
2ebb22,::1,GET,http://localhost:8000/blog/async/latestactivity,1440921970,
a9eff7,::1,GET,http://localhost:8000/blog/,1440922000,
2744bd,::1,GET,http://localhost:8000/blog/async/latestactivity,1440922001,
9d70a6,::1,GET,http://localhost:8000/blog/post/falli-igitur-possumus,1440922005,
d86f71,::1,GET,http://localhost:8000/blog/async/latestactivity,1440922032,
8ec8ef,::1,GET,http://localhost:8000/blog/post/falli-igitur-possumus,1440922062,
4089db,::1,GET,http://localhost:8000/blog/async/latestactivity,1440922063,
d61d09,::1,GET,http://localhost:8000/blog/,1440922071,
a99446,::1,GET,http://localhost:8000/blog/post/utram-tandem-linguam-nescio,1440922079,
f35156,::1,GET,http://localhost:8000/blog/async/latestactivity,1440922098,
1c75a3,::1,GET,http://localhost:8000/blog/async/latestactivity,1440922131,
82d50a,::1,GET,http://localhost:8000/blog/post/utram-tandem-linguam-nescio,1440922132,
f63893,::1,GET,http://localhost:8000/blog/post/utram-tandem-linguam-nescio,1440922155,
21c232,::1,GET,http://localhost:8000/blog/async/latestactivity,1440922170,
d5deb0,::1,GET,http://localhost:8000/blog/post/utram-tandem-linguam-nescio,1440922173,
e9e0e4,::1,GET,http://localhost:8000/blog/post/utram-tandem-linguam-nescio,1440922182,
4e7bdd,::1,GET,http://localhost:8000/blog/async/latestactivity,1440922202,
f0d0e6,::1,GET,http://localhost:8000/blog/post/utram-tandem-linguam-nescio,1440922211,
3f18a9,::1,GET,http://localhost:8000/blog/async/latestactivity,1440922232,
6f8c6d,::1,GET,http://localhost:8000/blog/async/latestactivity,1440922267,
b52636,::1,GET,http://localhost:8000/blog/post/utram-tandem-linguam-nescio,1440922282,
8dbd95,::1,GET,http://localhost:8000/blog/,1440922292,
56530c,::1,GET,http://localhost:8000/blog/post/occultum-facinus-esse-potuerit-gaudebit,1440922296,
d7b323,::1,GET,http://localhost:8000/blog/async/latestactivity,1440922302,
f3dc7a,::1,GET,http://localhost:8000/blog/async/latestactivity,1440922333,
1c5803,::1,GET,http://localhost:8000/blog/async/latestactivity,1440922369,
16eb6a,::1,GET,http://localhost:8000/blog/async/latestactivity,1440922406,
4ff341,::1,GET,http://localhost:8000/blog/post/occultum-facinus-esse-potuerit-gaudebit,1440922413,
2a50c0,::1,GET,http://localhost:8000/blog/async/latestactivity,1440922437,
4a1737,::1,GET,http://localhost:8000/blog/async/latestactivity,1440922468,
658abe,::1,GET,http://localhost:8000/blog/async/latestactivity,1440922501,
9af1e8,::1,GET,http://localhost:8000/blog/async/latestactivity,1440922532,
2caa63,::1,GET,http://localhost:8000/blog/async/latestactivity,1440922564,
de4f37,::1,GET,http://localhost:8000/blog/post/occultum-facinus-esse-potuerit-gaudebit,1440922565,
194fd9,::1,GET,http://localhost:8000/blog/post/occultum-facinus-esse-potuerit-gaudebit,1440922581,
a6862a,::1,GET,http://localhost:8000/blog/async/latestactivity,1440922594,
61ac63,::1,GET,http://localhost:8000/blog/post/occultum-facinus-esse-potuerit-gaudebit,1440922612,
e242c4,::1,GET,http://localhost:8000/blog/async/latestactivity,1440922626,
248465,::1,GET,http://localhost:8000/blog/async/latestactivity,1440922656,
170d43,::1,GET,http://localhost:8000/blog/async/latestactivity,1440922692,
e35b0c,::1,GET,http://localhost:8000/blog/post/occultum-facinus-esse-potuerit-gaudebit,1440922693,
2712b8,::1,GET,http://localhost:8000/blog/async/latestactivity,1440922722,
fc9b15,::1,GET,http://localhost:8000/blog/,1440922750,
15b086,::1,GET,http://localhost:8000/blog/async/latestactivity,1440922753,
791a7b,::1,GET,http://localhost:8000/blog/,1440922776,
b12382,::1,GET,http://localhost:8000/blog/async/latestactivity,1440922784,
0cef4d,::1,GET,http://localhost:8000/blog/async/latestactivity,1440922817,
95821d,::1,GET,http://localhost:8000/blog/async/latestactivity,1440922855,
7c9251,::1,GET,http://localhost:8000/blog/async/latestactivity,1440922887,
65959d,::1,GET,http://localhost:8000/blog/async/latestactivity,1440922920,
646509,::1,GET,http://localhost:8000/blog/async/latestactivity,1440922951,
3f483e,::1,GET,http://localhost:8000/blog/async/latestactivity,1440922982,
36e1c0,::1,GET,http://localhost:8000/blog/async/latestactivity,1440923023,
554672,::1,GET,http://localhost:8000/blog/async/latestactivity,1440923054,
b259e3,::1,GET,http://localhost:8000/blog/async/latestactivity,1440923085,
08bf68,::1,GET,http://localhost:8000/blog/async/latestactivity,1440923125,
446f38,::1,GET,http://localhost:8000/blog/async/latestactivity,1440923155,
cb7da9,::1,GET,http://localhost:8000/blog/async/latestactivity,1440923190,
cadbdd,::1,GET,http://localhost:8000/blog/async/latestactivity,1440923220,
544e1f,::1,GET,http://localhost:8000/blog/async/latestactivity,1440923251,
62913a,::1,GET,http://localhost:8000/blog/async/latestactivity,1440923282,
70e1b4,::1,GET,http://localhost:8000/blog/async/latestactivity,1440923313,
eababe,::1,GET,http://localhost:8000/blog/async/latestactivity,1440923346,
79bdf7,::1,GET,http://localhost:8000/blog/async/latestactivity,1440923378,
aafb98,::1,GET,http://localhost:8000/blog/async/latestactivity,1440923408,
f66e73,::1,GET,http://localhost:8000/blog/async/latestactivity,1440923439,
85a3bd,::1,GET,http://localhost:8000/blog/async/latestactivity,1440923473,
f306c3,::1,GET,http://localhost:8000/blog/,1440923481,
c9ff76,::1,GET,http://localhost:8000/blog/async/latestactivity,1440923505,
202a73,::1,GET,http://localhost:8000/blog/async/latestactivity,1440923537,
915fd2,::1,GET,http://localhost:8000/blog/async/latestactivity,1440923567,
aa91b2,::1,GET,http://localhost:8000/blog/,1440923596,
494d8d,::1,GET,http://localhost:8000/blog/async/latestactivity,1440923598,
a107ee,::1,GET,http://localhost:8000/blog/async/latestactivity,1440923636,
bfdbe3,::1,GET,http://localhost:8000/blog/async/latestactivity,1440923667,
974da6,::1,GET,http://localhost:8000/blog/async/latestactivity,1440923705,
21783f,::1,GET,http://localhost:8000/blog/async/latestactivity,1440923735,
d941ab,::1,GET,http://localhost:8000/blog/async/latestactivity,1440923766,
048be6,::1,GET,http://localhost:8000/blog/async/latestactivity,1440923800,
7c31b9,::1,GET,http://localhost:8000/blog/async/latestactivity,1440923830,
9e737e,::1,GET,http://localhost:8000/blog/async/latestactivity,1440923861,
6b574b,::1,GET,http://localhost:8000/blog/async/latestactivity,1440923898,
374540,::1,GET,http://localhost:8000/blog/async/latestactivity,1440923934,
21b609,::1,GET,http://localhost:8000/blog/async/latestactivity,1440923968,
3ebbfb,::1,GET,http://localhost:8000/blog/async/latestactivity,1440923998,
ab5d7e,::1,GET,http://localhost:8000/blog/async/latestactivity,1440924034,
70b535,::1,GET,http://localhost:8000/blog/async/latestactivity,1440924066,
6a760d,::1,GET,http://localhost:8000/blog/async/latestactivity,1440924096,
a33f9b,::1,GET,http://localhost:8000/blog/async/latestactivity,1440924132,
e1bdb6,::1,GET,http://localhost:8000/blog/async/latestactivity,1440924165,
67ae32,::1,GET,http://localhost:8000/blog/async/latestactivity,1440924202,
09e09d,::1,GET,http://localhost:8000/blog/async/latestactivity,1440924232,
476939,::1,GET,http://localhost:8000/blog/async/latestactivity,1440924269,
bea59f,::1,GET,http://localhost:8000/blog/async/latestactivity,1440924305,
f326ca,::1,GET,http://localhost:8000/blog/async/latestactivity,1440924337,
21b313,::1,GET,http://localhost:8000/blog/async/latestactivity,1440924373,
1afa88,::1,GET,http://localhost:8000/blog/async/latestactivity,1440924403,
44d090,::1,GET,http://localhost:8000/blog/async/latestactivity,1440924434,
c34866,::1,GET,http://localhost:8000/blog/async/latestactivity,1440924465,
de565e,::1,GET,http://localhost:8000/blog/async/latestactivity,1440924499,
b1c92a,::1,GET,http://localhost:8000/blog/async/latestactivity,1440924530,
89a127,::1,GET,http://localhost:8000/blog/async/latestactivity,1440924564,
b6d707,::1,GET,http://localhost:8000/blog/async/latestactivity,1440924598,
503699,::1,GET,http://localhost:8000/blog/async/latestactivity,1440924628,
ce8bb4,::1,GET,http://localhost:8000/blog/async/latestactivity,1440924659,
46b5bd,::1,GET,http://localhost:8000/blog/async/latestactivity,1440924690,
16618f,::1,GET,http://localhost:8000/blog/async/latestactivity,1440924722,
dfe0d3,::1,GET,http://localhost:8000/blog/async/latestactivity,1440924759,
358dcc,::1,GET,http://localhost:8000/blog/async/latestactivity,1440924789,
c8dbc1,::1,GET,http://localhost:8000/blog/async/latestactivity,1440924826,
c55f69,::1,GET,http://localhost:8000/blog/async/latestactivity,1440924859,
a24f8c,::1,GET,http://localhost:8000/blog/async/latestactivity,1440924890,
cb8c80,::1,GET,http://localhost:8000/blog/async/latestactivity,1440924925,
f1b22f,::1,GET,http://localhost:8000/blog/async/latestactivity,1440924955,
060953,::1,GET,http://localhost:8000/blog/async/latestactivity,1440924992,
e7776a,::1,GET,http://localhost:8000/blog/async/latestactivity,1440925023,
6c70ff,::1,GET,http://localhost:8000/blog/async/latestactivity,1440925057,
d90a38,::1,GET,http://localhost:8000/blog/async/latestactivity,1440925087,
1084a5,::1,GET,http://localhost:8000/blog/async/latestactivity,1440925122,
537f1a,::1,GET,http://localhost:8000/blog/async/latestactivity,1440925152,
075a19,::1,GET,http://localhost:8000/blog/async/latestactivity,1440925183,
f17881,::1,GET,http://localhost:8000/blog/async/latestactivity,1440925214,
be5ee5,::1,GET,http://localhost:8000/blog/async/latestactivity,1440925252,
d2f846,::1,GET,http://localhost:8000/blog/async/latestactivity,1440925286,
08138b,::1,GET,http://localhost:8000/blog/async/latestactivity,1440925320,
cda611,::1,GET,http://localhost:8000/blog/async/latestactivity,1440925353,
54251f,::1,GET,http://localhost:8000/blog/async/latestactivity,1440925383,
300865,::1,GET,http://localhost:8000/blog/async/latestactivity,1440925416,
e0808c,::1,GET,http://localhost:8000/blog/async/latestactivity,1440925447,
1707b0,::1,GET,http://localhost:8000/blog/async/latestactivity,1440925477,
01c005,::1,GET,http://localhost:8000/blog/async/latestactivity,1440925508,
6758df,127.0.0.1,GET,http://localhost:8000/blog/async/dashboardnews,1440925534,7d4192
31fba4,127.0.0.1,GET,http://localhost:8000/blog/async/latestactivity,1440925534,7d4192
7d4192,::1,GET,http://localhost:8000/blog/bolt,1440925534,
625c0a,127.0.0.1,GET,http://localhost:8000/blog/async/dashboardnews,1440925536,495477
c59ca7,127.0.0.1,GET,http://localhost:8000/blog/async/latestactivity,1440925536,495477
495477,::1,GET,http://localhost:8000/blog/bolt,1440925536,
26d754,::1,GET,http://localhost:8000/blog/bolt/profile,1440925540,
f57fd8,::1,GET,http://localhost:8000/blog/bolt/extend,1440925553,
c5f4f6,::1,GET,http://localhost:8000/blog/bolt/extend/installed,1440925556,
c75051,::1,GET,http://localhost:8000/blog/bolt/extend/installInfo?package=bolt%2Fdisqus,1440925641,
49e006,::1,GET,http://localhost:8000/blog/bolt/extend/install?package=bolt%2Fdisqus&version=v1.3.2,1440925673,
3a2870,::1,GET,http://localhost:8000/blog/bolt/extend/installed,1440925675,
7ab7c8,::1,GET,http://localhost:8000/blog/bolt/extend/packageInfo?package=bolt%2Fdisqus&version=v1.3.2,1440925677,
15d735,::1,GET,http://localhost:8000/blog/,1440925722,
eba61f,::1,GET,http://localhost:8000/blog/post/falli-igitur-possumus,1440925724,
84de48,::1,GET,http://localhost:8000/blog/,1440925789,
